risk_prediction,prob_low,prob_medium,prob_high,predictive_uncertainty
Low,0.4415678,0.33391502,0.22451715,0.024267837
Medium,0.13604043,0.4570968,0.40686283,0.0016508022
Medium,0.18087237,0.43788978,0.38123786,0.0051438026
Medium,0.324418,0.38673052,0.28885153,0.013389669
High,0.07959236,0.45955637,0.4608513,0.0022825801
Medium,0.19021553,0.43725306,0.37253144,0.0020557595
